fold_number,fit_time,score_time,train_accuracy,test_accuracy,train_roc_auc,test_roc_auc,best_parameters
0,0.0441737174987793,0.026693344116210938,0.7977388666758582,0.7998161764705882,0.799220361607918,0.7881324652777778,
1,0.04021334648132324,0.02618551254272461,0.7951192609954502,0.7954044117647059,0.7983812727904149,0.8065984374999999,
2,0.03956770896911621,0.02644801139831543,0.7935107311916908,0.7976102941176471,0.7950201803698559,0.7998477430555555,
3,0.04062485694885254,0.025609970092773438,0.7964980008272439,0.8007352941176471,0.7967471457718355,0.7930248263888888,
4,0.04116368293762207,0.027146339416503906,0.798749942552507,0.8071691176470588,0.7983056248914743,0.8094200520833333,
