fold_number,fit_time,score_time,train_accuracy,test_accuracy,train_roc_auc,test_roc_auc,best_parameters
0,0.06980347633361816,0.03357338905334473,0.7977388666758582,0.7998161764705882,0.799220361607918,0.7881324652777778,
1,0.07520079612731934,0.04570484161376953,0.7951192609954502,0.7954044117647059,0.7983812727904149,0.8065984374999999,
2,0.07582616806030273,0.04572892189025879,0.7935107311916908,0.7976102941176471,0.7950201803698559,0.7998477430555555,
3,0.07884454727172852,0.0462193489074707,0.7964980008272439,0.8007352941176471,0.7967471457718355,0.7930248263888888,
4,0.08125686645507812,0.047781944274902344,0.798749942552507,0.8071691176470588,0.7983056248914743,0.8094200520833333,
